{
"__comment": "Designed by Exmrsdarn with BDcraft Cubik PRO 0.93 Beta - http://bdcraft.net",
"textures": {
    "particle": "items/crossbow_p",
    "texture": "items/crossbow"
},
"elements": [ 
{
    "__comment": "Bolt Bit",
    "from": [ 0.375, 8, 7.625 ],
    "to": [ 0.625, 8.25, 7.875 ],
    "faces": {
        "down":  { "uv": [ 0.25, 7.75, 0.5, 7.5 ], "texture": "#texture" },
        "up":    { "uv": [ 0.25, 7.5, 0.5, 7.75 ], "texture": "#texture" },
        "north": { "uv": [ 0.5, 7.5, 0.25, 7.75 ], "texture": "#texture" },
        "south": { "uv": [ 0.25, 7.5, 0.5, 7.75 ], "texture": "#texture" },
        "west":  { "uv": [ 0.25, 7.5, 0.5, 7.75 ], "texture": "#texture" },
        "east":  { "uv": [ 0.5, 7.5, 0.25, 7.75 ], "texture": "#texture" }
    }
},
{
    "__comment": "Bolt Bit",
    "from": [ 0.375, 7.75, 7.875 ],
    "to": [ 0.625, 8, 8.125 ],
    "faces": {
        "down":  { "uv": [ 0.25, 8.25, 0.5, 8 ], "texture": "#texture" },
        "up":    { "uv": [ 0.25, 8, 0.5, 8.25 ], "texture": "#texture" },
        "north": { "uv": [ 0.5, 8, 0.25, 8.25 ], "texture": "#texture" },
        "south": { "uv": [ 0.25, 8, 0.5, 8.25 ], "texture": "#texture" },
        "west":  { "uv": [ 0.25, 8, 0.5, 8.25 ], "texture": "#texture" },
        "east":  { "uv": [ 0.5, 8, 0.25, 8.25 ], "texture": "#texture" }
    }
},
{
    "__comment": "crossbow x64",
    "from": [ 2, 6.5, 7.5 ],
    "to": [ 11, 7.75, 8.5 ],
    "faces": {
        "down":  { "uv": [ 2, 9.5, 11, 9.25 ], "texture": "#texture" },
        "up":    { "uv": [ 2, 8.25, 11, 8.5 ], "texture": "#texture" },
        "north": { "uv": [ 11, 8.25, 2, 9.5 ], "texture": "#texture" },
        "south": { "uv": [ 2, 8.25, 11, 9.5 ], "texture": "#texture" },
        "west":  { "uv": [ 2, 8.25, 2.25, 9.5 ], "texture": "#texture" },
        "east":  { "uv": [ 11, 8.25, 10.75, 9.5 ], "texture": "#texture" }
    }
},
{
    "__comment": "crossbow x64",
    "from": [ 2.25, 7.75, 7.5 ],
    "to": [ 10.5, 8, 8.5 ],
    "faces": {
        "down":  { "uv": [ 9, 11.875, 10.75, 13.25 ], "texture": "#texture" },
        "up":    { "uv": [ 9, 11.875, 10.75, 13.25 ], "texture": "#texture" },
        "north": { "uv": [ 9.5, 11.625, 10.5, 12.625 ], "texture": "#texture" },
        "south": { "uv": [ 9.5, 11.625, 10.5, 12.625 ], "texture": "#texture" },
        "west":  { "uv": [ 10.5, 12.25, 9.625, 12.875 ], "texture": "#texture" },
        "east":  { "uv": [ 10.5, 12.25, 9.625, 12.875 ], "texture": "#texture" }
    }
},
{
    "__comment": "crossbow x64",
    "from": [ 2.5, 6.25, 7.5 ],
    "to": [ 3.5, 6.5, 8.5 ],
    "faces": {
        "down":  { "uv": [ 2.5, 9.75, 3.5, 9.5 ], "texture": "#texture" },
        "up":    { "uv": [ 2.5, 9.5, 3.5, 9.75 ], "texture": "#texture" },
        "north": { "uv": [ 3.5, 9.5, 2.5, 9.75 ], "texture": "#texture" },
        "south": { "uv": [ 2.5, 9.5, 3.5, 9.75 ], "texture": "#texture" },
        "west":  { "uv": [ 2.5, 9.5, 2.75, 9.75 ], "texture": "#texture" },
        "east":  { "uv": [ 3.5, 9.5, 3.25, 9.75 ], "texture": "#texture" }
    }
},
{
    "__comment": "crossbow x64",
    "from": [ 2.75, 6, 7.5 ],
    "to": [ 7.5, 6.25, 8.5 ],
    "faces": {
        "down":  { "uv": [ 2.75, 10, 7.5, 9.75 ], "texture": "#texture" },
        "up":    { "uv": [ 2.75, 9.75, 7.5, 10 ], "texture": "#texture" },
        "north": { "uv": [ 7.5, 9.75, 2.75, 10 ], "texture": "#texture" },
        "south": { "uv": [ 2.75, 9.75, 7.5, 10 ], "texture": "#texture" },
        "west":  { "uv": [ 2.75, 9.75, 3, 10 ], "texture": "#texture" },
        "east":  { "uv": [ 7.5, 9.75, 7.25, 10 ], "texture": "#texture" }
    }
},
{
    "__comment": "String Holder B",
    "from": [ 7.25, 8, 7.5 ],
    "to": [ 7.5, 8.25, 8.5 ],
    "faces": {
        "down":  { "uv": [ 6.75, 8, 7, 7.75 ], "texture": "#texture" },
        "up":    { "uv": [ 6.75, 7.75, 7, 8 ], "texture": "#texture" },
        "north": { "uv": [ 7, 7.75, 6.75, 8 ], "texture": "#texture" },
        "south": { "uv": [ 6.75, 7.75, 7, 8 ], "texture": "#texture" },
        "west":  { "uv": [ 6.75, 7.75, 7, 8 ], "texture": "#texture" },
        "east":  { "uv": [ 7, 7.75, 6.75, 8 ], "texture": "#texture" }
    }
},
{
    "__comment": "crossbow x64",
    "from": [ 6.75, 6.25, 7.5 ],
    "to": [ 7.75, 6.5, 8.5 ],
    "faces": {
        "down":  { "uv": [ 6.75, 9.75, 7.75, 9.5 ], "texture": "#texture" },
        "up":    { "uv": [ 6.75, 9.5, 7.75, 9.75 ], "texture": "#texture" },
        "north": { "uv": [ 7.75, 9.5, 6.75, 9.75 ], "texture": "#texture" },
        "south": { "uv": [ 6.75, 9.5, 7.75, 9.75 ], "texture": "#texture" },
        "west":  { "uv": [ 6.75, 9.5, 7, 9.75 ], "texture": "#texture" },
        "east":  { "uv": [ 7.75, 9.5, 7.5, 9.75 ], "texture": "#texture" }
    }
},
{
    "__comment": "crossbow x64",
    "from": [ 8.25, 5.75, 7.5 ],
    "to": [ 8.5, 6.5, 8.5 ],
    "faces": {
        "down":  { "uv": [ 8.25, 10.25, 8.5, 10 ], "texture": "#texture" },
        "up":    { "uv": [ 8.25, 9.5, 8.5, 9.75 ], "texture": "#texture" },
        "north": { "uv": [ 8.5, 9.5, 8.25, 10.25 ], "texture": "#texture" },
        "south": { "uv": [ 8.25, 9.5, 8.5, 10.25 ], "texture": "#texture" },
        "west":  { "uv": [ 8.25, 9.5, 8.5, 10.25 ], "texture": "#texture" },
        "east":  { "uv": [ 8.5, 9.5, 8.25, 10.25 ], "texture": "#texture" }
    }
},
{
    "__comment": "crossbow x64",
    "from": [ 8.5, 5.5, 7.5 ],
    "to": [ 8.75, 6, 8.5 ],
    "faces": {
        "down":  { "uv": [ 8.5, 10.5, 8.75, 10.25 ], "texture": "#texture" },
        "up":    { "uv": [ 8.5, 10, 8.75, 10.25 ], "texture": "#texture" },
        "north": { "uv": [ 8.75, 10, 8.5, 10.5 ], "texture": "#texture" },
        "south": { "uv": [ 8.5, 10, 8.75, 10.5 ], "texture": "#texture" },
        "west":  { "uv": [ 8.5, 10, 8.75, 10.5 ], "texture": "#texture" },
        "east":  { "uv": [ 8.75, 10, 8.5, 10.5 ], "texture": "#texture" }
    }
},
{
    "__comment": "crossbow x64",
    "from": [ 8.75, 6, 7.5 ],
    "to": [ 9.25, 6.25, 8.5 ],
    "faces": {
        "down":  { "uv": [ 8.75, 10, 9.25, 9.75 ], "texture": "#texture" },
        "up":    { "uv": [ 8.75, 9.75, 9.25, 10 ], "texture": "#texture" },
        "north": { "uv": [ 9.25, 9.75, 8.75, 10 ], "texture": "#texture" },
        "south": { "uv": [ 8.75, 9.75, 9.25, 10 ], "texture": "#texture" },
        "west":  { "uv": [ 8.75, 9.75, 9, 10 ], "texture": "#texture" },
        "east":  { "uv": [ 9.25, 9.75, 9, 10 ], "texture": "#texture" }
    }
},
{
    "__comment": "crossbow x64",
    "from": [ 8.75, 5.5, 7.5 ],
    "to": [ 9.75, 5.75, 8.5 ],
    "faces": {
        "down":  { "uv": [ 8.75, 10.5, 9.75, 10.25 ], "texture": "#texture" },
        "up":    { "uv": [ 8.75, 10.25, 9.75, 10.5 ], "texture": "#texture" },
        "north": { "uv": [ 9.75, 10.25, 8.75, 10.5 ], "texture": "#texture" },
        "south": { "uv": [ 8.75, 10.25, 9.75, 10.5 ], "texture": "#texture" },
        "west":  { "uv": [ 8.75, 10.25, 9, 10.5 ], "texture": "#texture" },
        "east":  { "uv": [ 9.75, 10.25, 9.5, 10.5 ], "texture": "#texture" }
    }
},
{
    "__comment": "crossbow x64",
    "from": [ 9.25, 7.925, 7.75 ],
    "to": [ 10.25, 8.125, 8.25 ],
    "faces": {
        "down":  { "uv": [ 9, 8, 10, 7.75 ], "texture": "#texture" },
        "up":    { "uv": [ 9, 7.75, 10, 8 ], "texture": "#texture" },
        "north": { "uv": [ 10, 7.75, 9, 8 ], "texture": "#texture" },
        "south": { "uv": [ 9, 7.75, 10, 8 ], "texture": "#texture" },
        "west":  { "uv": [ 9, 7.75, 9.25, 8 ], "texture": "#texture" },
        "east":  { "uv": [ 10, 7.75, 9.75, 8 ], "texture": "#texture" }
    }
},
{
    "__comment": "crossbow x64",
    "from": [ 9, 6.25, 7.5 ],
    "to": [ 16, 6.5, 8.5 ],
    "faces": {
        "down":  { "uv": [ 9, 9.75, 16, 9.5 ], "texture": "#texture" },
        "up":    { "uv": [ 9, 9.5, 16, 9.75 ], "texture": "#texture" },
        "north": { "uv": [ 16, 9.5, 9, 9.75 ], "texture": "#texture" },
        "south": { "uv": [ 9, 9.5, 16, 9.75 ], "texture": "#texture" },
        "west":  { "uv": [ 9, 9.5, 9.25, 9.75 ], "texture": "#texture" },
        "east":  { "uv": [ 16, 9.5, 15.75, 9.75 ], "texture": "#texture" }
    }
},
{
    "__comment": "crossbow x64",
    "from": [ 9.75, 7.875, 7.75 ],
    "to": [ 9.95, 8.375, 8.25 ],
    "faces": {
        "down":  { "uv": [ 9.5, 7.75, 9.75, 7.5 ], "texture": "#texture" },
        "up":    { "uv": [ 9.5, 7.25, 9.75, 7.5 ], "texture": "#texture" },
        "north": { "uv": [ 9.75, 7.25, 9.5, 7.75 ], "texture": "#texture" },
        "south": { "uv": [ 9.5, 7.25, 9.75, 7.75 ], "texture": "#texture" },
        "west":  { "uv": [ 9.5, 7.25, 9.75, 7.75 ], "texture": "#texture" },
        "east":  { "uv": [ 9.75, 7.25, 9.5, 7.75 ], "texture": "#texture" }
    }
},
{
    "__comment": "crossbow x64",
    "from": [ 9.5, 5.75, 7.5 ],
    "to": [ 13.75, 6, 8.5 ],
    "faces": {
        "down":  { "uv": [ 9.5, 10.25, 13.75, 10 ], "texture": "#texture" },
        "up":    { "uv": [ 9.5, 10, 13.75, 10.25 ], "texture": "#texture" },
        "north": { "uv": [ 13.75, 10, 9.5, 10.25 ], "texture": "#texture" },
        "south": { "uv": [ 9.5, 10, 13.75, 10.25 ], "texture": "#texture" },
        "west":  { "uv": [ 9.5, 10, 9.75, 10.25 ], "texture": "#texture" },
        "east":  { "uv": [ 13.75, 10, 13.5, 10.25 ], "texture": "#texture" }
    }
},
{
    "__comment": "crossbow x64",
    "from": [ 9.75, 6, 7.5 ],
    "to": [ 16, 6.25, 8.5 ],
    "faces": {
        "down":  { "uv": [ 9.75, 10, 16, 9.75 ], "texture": "#texture" },
        "up":    { "uv": [ 9.75, 9.75, 16, 10 ], "texture": "#texture" },
        "north": { "uv": [ 16, 9.75, 9.75, 10 ], "texture": "#texture" },
        "south": { "uv": [ 9.75, 9.75, 16, 10 ], "texture": "#texture" },
        "west":  { "uv": [ 9.75, 9.75, 10, 10 ], "texture": "#texture" },
        "east":  { "uv": [ 16, 9.75, 15.75, 10 ], "texture": "#texture" }
    }
},
{
    "__comment": "crossbow x64",
    "from": [ 10.75, 5.5, 7.5 ],
    "to": [ 13.25, 5.75, 8.5 ],
    "faces": {
        "down":  { "uv": [ 10.75, 10.5, 13.25, 10.25 ], "texture": "#texture" },
        "up":    { "uv": [ 10.75, 10.25, 13.25, 10.5 ], "texture": "#texture" },
        "north": { "uv": [ 13.25, 10.25, 10.75, 10.5 ], "texture": "#texture" },
        "south": { "uv": [ 10.75, 10.25, 13.25, 10.5 ], "texture": "#texture" },
        "west":  { "uv": [ 10.75, 10.25, 11, 10.5 ], "texture": "#texture" },
        "east":  { "uv": [ 13.25, 10.25, 13, 10.5 ], "texture": "#texture" }
    }
},
{
    "__comment": "crossbow x64",
    "from": [ 11, 6.5, 7.5 ],
    "to": [ 11.5, 7.5, 8.5 ],
    "faces": {
        "down":  { "uv": [ 11, 9.5, 11.5, 9.25 ], "texture": "#texture" },
        "up":    { "uv": [ 11, 8.5, 11.5, 8.75 ], "texture": "#texture" },
        "north": { "uv": [ 11.5, 8.5, 11, 9.5 ], "texture": "#texture" },
        "south": { "uv": [ 11, 8.5, 11.5, 9.5 ], "texture": "#texture" },
        "west":  { "uv": [ 11, 8.5, 11.25, 9.5 ], "texture": "#texture" },
        "east":  { "uv": [ 11.5, 8.5, 11.25, 9.5 ], "texture": "#texture" }
    }
},
{
    "__comment": "crossbow x64",
    "from": [ 11.5, 6.5, 7.5 ],
    "to": [ 16, 7.25, 8.5 ],
    "faces": {
        "down":  { "uv": [ 11.5, 9.5, 16, 9.25 ], "texture": "#texture" },
        "up":    { "uv": [ 11.5, 8.75, 16, 9 ], "texture": "#texture" },
        "north": { "uv": [ 16, 8.75, 11.5, 9.5 ], "texture": "#texture" },
        "south": { "uv": [ 11.5, 8.75, 16, 9.5 ], "texture": "#texture" },
        "west":  { "uv": [ 11.5, 8.75, 11.75, 9.5 ], "texture": "#texture" },
        "east":  { "uv": [ 16, 8.75, 15.75, 9.5 ], "texture": "#texture" }
    }
},
{
    "__comment": "crossbow x64",
    "from": [ 12.25, 7.25, 7.5 ],
    "to": [ 15.75, 7.5, 8.5 ],
    "faces": {
        "down":  { "uv": [ 12.25, 8.75, 15.75, 8.5 ], "texture": "#texture" },
        "up":    { "uv": [ 12.25, 8.5, 15.75, 8.75 ], "texture": "#texture" },
        "north": { "uv": [ 15.75, 8.5, 12.25, 8.75 ], "texture": "#texture" },
        "south": { "uv": [ 12.25, 8.5, 15.75, 8.75 ], "texture": "#texture" },
        "west":  { "uv": [ 12.25, 8.5, 12.5, 8.75 ], "texture": "#texture" },
        "east":  { "uv": [ 15.75, 8.5, 15.5, 8.75 ], "texture": "#texture" }
    }
},
{
    "__comment": "crossbow x64",
    "from": [ 12.75, 7.5, 7.5 ],
    "to": [ 15, 7.75, 8.5 ],
    "faces": {
        "down":  { "uv": [ 12.75, 8.5, 15, 8.25 ], "texture": "#texture" },
        "up":    { "uv": [ 12.75, 8.25, 15, 8.5 ], "texture": "#texture" },
        "north": { "uv": [ 15, 8.25, 12.75, 8.5 ], "texture": "#texture" },
        "south": { "uv": [ 12.75, 8.25, 15, 8.5 ], "texture": "#texture" },
        "west":  { "uv": [ 12.75, 8.25, 13, 8.5 ], "texture": "#texture" },
        "east":  { "uv": [ 15, 8.25, 14.75, 8.5 ], "texture": "#texture" }
    }
},
{
    "__comment": "crossbow x64",
    "from": [ 15, 5.75, 7.5 ],
    "to": [ 16, 6, 8.5 ],
    "faces": {
        "down":  { "uv": [ 15, 10.25, 16, 10 ], "texture": "#texture" },
        "up":    { "uv": [ 15, 10, 16, 10.25 ], "texture": "#texture" },
        "north": { "uv": [ 16, 10, 15, 10.25 ], "texture": "#texture" },
        "south": { "uv": [ 15, 10, 16, 10.25 ], "texture": "#texture" },
        "west":  { "uv": [ 15, 10, 15.25, 10.25 ], "texture": "#texture" },
        "east":  { "uv": [ 16, 10, 15.75, 10.25 ], "texture": "#texture" }
    }
},
{
    "__comment": "String Holder F",
    "from": [ 6.75, 8, 7.5 ],
    "to": [ 7, 8.25, 8.5 ],
    "faces": {
        "down":  { "uv": [ 6.75, 8, 7, 7.75 ], "texture": "#texture" },
        "up":    { "uv": [ 6.75, 7.75, 7, 8 ], "texture": "#texture" },
        "north": { "uv": [ 7, 7.75, 6.75, 8 ], "texture": "#texture" },
        "south": { "uv": [ 6.75, 7.75, 7, 8 ], "texture": "#texture" },
        "west":  { "uv": [ 6.75, 7.75, 7, 8 ], "texture": "#texture" },
        "east":  { "uv": [ 7, 7.75, 6.75, 8 ], "texture": "#texture" }
    }
},
{
    "__comment": "Bolt Holder R",
    "from": [ 2.625, 8, 7.5 ],
    "to": [ 3.625, 8.375, 7.875 ],
    "faces": {
        "down":  { "uv": [ 2.5, 7.75, 2.875, 8 ], "texture": "#texture" },
        "up":    { "uv": [ 2.5, 7.75, 2.875, 8 ], "texture": "#texture" },
        "north": { "uv": [ 2.5, 7.75, 2.875, 7.875 ], "texture": "#texture" },
        "south": { "uv": [ 2.5, 7.75, 2.875, 7.875 ], "texture": "#texture" },
        "west":  { "uv": [ 2.625, 7.75, 2.875, 8 ], "texture": "#texture" },
        "east":  { "uv": [ 2.625, 7.75, 2.875, 8 ], "texture": "#texture" }
    }
},
{
    "__comment": "Bolt Holder L",
    "from": [ 2.625, 8, 8.125 ],
    "to": [ 3.625, 8.375, 8.5 ],
    "faces": {
        "down":  { "uv": [ 2.5, 7.75, 2.875, 8 ], "texture": "#texture" },
        "up":    { "uv": [ 2.5, 7.75, 2.875, 8 ], "texture": "#texture" },
        "north": { "uv": [ 2.5, 7.75, 2.875, 7.875 ], "texture": "#texture" },
        "south": { "uv": [ 2.5, 7.75, 2.875, 7.875 ], "texture": "#texture" },
        "west":  { "uv": [ 2.625, 7.75, 2.875, 8 ], "texture": "#texture" },
        "east":  { "uv": [ 2.625, 7.75, 2.875, 8 ], "texture": "#texture" }
    }
},
{
    "__comment": "Bolt Main",
    "from": [ 0.375, 8, 7.875 ],
    "to": [ 6.75, 8.25, 8.125 ],
    "faces": {
        "down":  { "uv": [ 2.75, 0.75, 3.5, 1.125 ], "texture": "#texture" },
        "up":    { "uv": [ 2.75, 0.75, 3.5, 1.125 ], "texture": "#texture" },
        "north": { "uv": [ 3.125, 0.75, 4.375, 1.875 ], "texture": "#texture" },
        "south": { "uv": [ 3.125, 0.75, 4.375, 1.875 ], "texture": "#texture" },
        "west":  { "uv": [ 4, 1.5, 4.25, 1.75 ], "texture": "#texture" },
        "east":  { "uv": [ 4, 1.5, 4.25, 1.75 ], "texture": "#texture" }
    }
},
{
    "__comment": "Bolt Bit",
    "from": [ 0.125, 8, 7.875 ],
    "to": [ 0.375, 8.25, 8.125 ],
    "faces": {
        "down":  { "uv": [ 0.375, 0.75, 1.125, 1.125 ], "texture": "#texture" },
        "up":    { "uv": [ 0.375, 0.75, 1.125, 1.125 ], "texture": "#texture" },
        "north": { "uv": [ 0.125, 0, 1.375, 1.125 ], "texture": "#texture" },
        "south": { "uv": [ 0.125, 0, 1.375, 1.125 ], "texture": "#texture" },
        "west":  { "uv": [ 0.625, 0.875, 0.875, 1.125 ], "texture": "#texture" },
        "east":  { "uv": [ 0.625, 0.875, 0.875, 1.125 ], "texture": "#texture" }
    }
},
{
    "__comment": "Bolt Bit",
    "from": [ 0.375, 8, 8.125 ],
    "to": [ 0.625, 8.25, 8.375 ],
    "faces": {
        "down":  { "uv": [ 0.25, 8.25, 0.5, 8 ], "texture": "#texture" },
        "up":    { "uv": [ 0.25, 8, 0.5, 8.25 ], "texture": "#texture" },
        "north": { "uv": [ 0.5, 8, 0.25, 8.25 ], "texture": "#texture" },
        "south": { "uv": [ 0.25, 8, 0.5, 8.25 ], "texture": "#texture" },
        "west":  { "uv": [ 0.25, 8, 0.5, 8.25 ], "texture": "#texture" },
        "east":  { "uv": [ 0.5, 8, 0.25, 8.25 ], "texture": "#texture" }
    }
},
{
    "__comment": "Bolt Bit",
    "from": [ 0.375, 8.25, 7.875 ],
    "to": [ 0.625, 8.5, 8.125 ],
    "faces": {
        "down":  { "uv": [ 0.25, 8.25, 0.5, 8 ], "texture": "#texture" },
        "up":    { "uv": [ 0.25, 8, 0.5, 8.25 ], "texture": "#texture" },
        "north": { "uv": [ 0.5, 8, 0.25, 8.25 ], "texture": "#texture" },
        "south": { "uv": [ 0.25, 8, 0.5, 8.25 ], "texture": "#texture" },
        "west":  { "uv": [ 0.25, 8, 0.5, 8.25 ], "texture": "#texture" },
        "east":  { "uv": [ 0.5, 8, 0.25, 8.25 ], "texture": "#texture" }
    }
},
{
    "from": [ 2, 6.75, 8.5 ],
    "to": [ 2.5, 7.75, 11.625 ],
    "rotation": { "origin": [ 2, 6.75, 8.5 ], "axis": "y", "angle": 22.5 },
    "faces": {
        "down":  { "uv": [ 9.375, 12.125, 10.5, 13.5 ], "texture": "#texture" },
        "up":    { "uv": [ 9.375, 12.125, 10.5, 13.5 ], "texture": "#texture" },
        "north": { "uv": [ 9.25, 12.25, 10.25, 13.25 ], "texture": "#texture" },
        "south": { "uv": [ 9.25, 12.25, 10.25, 13.25 ], "texture": "#texture" },
        "west":  { "uv": [ 9.25, 12, 10.75, 13.25 ], "texture": "#texture" },
        "east":  { "uv": [ 9.25, 12, 10.75, 13.25 ], "texture": "#texture" }
    }
},
{
    "from": [ 3.25, 6.75, 11.375 ],
    "to": [ 3.75, 7.75, 14.75 ],
    "rotation": { "origin": [ 3.25, 6.75, 11.375 ], "axis": "y", "angle": 45 },
    "faces": {
        "down":  { "uv": [ 9.5, 11.75, 10.625, 13.625 ], "texture": "#texture" },
        "up":    { "uv": [ 9.5, 11.75, 10.625, 13.625 ], "texture": "#texture" },
        "north": { "uv": [ 10, 12, 10.5, 13 ], "texture": "#texture" },
        "south": { "uv": [ 10, 12, 10.5, 13 ], "texture": "#texture" },
        "west":  { "uv": [ 9.125, 11.75, 10.375, 12.875 ], "texture": "#texture" },
        "east":  { "uv": [ 9.125, 11.75, 10.375, 12.875 ], "texture": "#texture" }
    }
},
{
    "from": [ 5.875, 6.75, 2.125 ],
    "to": [ 6.375, 7.75, 6 ],
    "rotation": { "origin": [ 5.875, 6.75, 2.125 ], "axis": "y", "angle": -45 },
    "faces": {
        "down":  { "uv": [ 9.5, 11.75, 10.625, 13.625 ], "rotation": 180, "texture": "#texture" },
        "up":    { "uv": [ 9.5, 11.75, 10.625, 13.625 ], "rotation": 180, "texture": "#texture" },
        "north": { "uv": [ 10, 12, 10.5, 13 ], "texture": "#texture" },
        "south": { "uv": [ 10, 12, 10.5, 13 ], "texture": "#texture" },
        "west":  { "uv": [ 9.125, 11.75, 10.375, 12.875 ], "texture": "#texture" },
        "east":  { "uv": [ 9.125, 11.75, 10.375, 12.875 ], "texture": "#texture" }
    }
},
{
    "from": [ 3.125, 6.75, 4.75 ],
    "to": [ 3.625, 7.75, 7.875 ],
    "rotation": { "origin": [ 3.125, 6.75, 4.75 ], "axis": "y", "angle": -22.5 },
    "faces": {
        "down":  { "uv": [ 9.375, 12.125, 10.5, 13.5 ], "texture": "#texture" },
        "up":    { "uv": [ 9.375, 12.125, 10.5, 13.5 ], "texture": "#texture" },
        "north": { "uv": [ 9.25, 12.25, 10.25, 13.25 ], "texture": "#texture" },
        "south": { "uv": [ 9.25, 12.25, 10.25, 13.25 ], "texture": "#texture" },
        "west":  { "uv": [ 9.25, 12, 10.75, 13.25 ], "texture": "#texture" },
        "east":  { "uv": [ 9.25, 12, 10.75, 13.25 ], "texture": "#texture" }
    }
},
{
    "__comment": "String L",
    "from": [ 5.625, 7.5, 8.375 ],
    "to": [ 5.6875, 7.625, 13.375 ],
    "faces": {
        "down":  { "uv": [ 13.875, 14.875, 14.375, 15.625 ], "texture": "#texture" },
        "up":    { "uv": [ 13.875, 14.875, 14.375, 15.625 ], "texture": "#texture" },
        "north": { "uv": [ 13.75, 14.625, 14.75, 15.375 ], "texture": "#texture" },
        "south": { "uv": [ 13.75, 14.625, 14.75, 15.375 ], "texture": "#texture" },
        "west":  { "uv": [ 14.25, 15.125, 13.75, 14.375 ], "texture": "#texture" },
        "east":  { "uv": [ 14.25, 15.125, 13.75, 14.375 ], "texture": "#texture" }
    }
},
{
    "__comment": "String R",
    "from": [ 5.5625, 7.5, 2.9375 ],
    "to": [ 5.625, 7.625, 7.6875 ],
    "faces": {
        "down":  { "uv": [ 13.875, 14.875, 14.375, 15.625 ], "texture": "#texture" },
        "up":    { "uv": [ 13.875, 14.875, 14.375, 15.625 ], "texture": "#texture" },
        "north": { "uv": [ 13.75, 14.625, 14.75, 15.375 ], "texture": "#texture" },
        "south": { "uv": [ 13.75, 14.625, 14.75, 15.375 ], "texture": "#texture" },
        "west":  { "uv": [ 14.25, 15.125, 13.75, 14.375 ], "texture": "#texture" },
        "east":  { "uv": [ 14.25, 15.125, 13.75, 14.375 ], "texture": "#texture" }
    }
}
],
"display": {
    "thirdperson": {
        "rotation": [ 0, 90, -92 ],
        "translation": [ 0, 2.8, -2.7 ],
        "scale": [ 1.5, 1.5, 0.85 ]
    },
    "ground": {
        "rotation": [ 0, 0, 0 ],
        "translation": [ 0, 0, 0 ],
        "scale": [ 3, 3, 3 ]
    },
    "firstperson": {
        "rotation": [ 10, -128, -21 ],
        "translation": [ -2.6, 5.2, 0.6 ],
        "scale": [ 4, 3, 3 ]
    },
    "gui": {
        "rotation": [ -30, 14, -47 ],
        "translation": [ 0, 0, 0 ],
        "scale": [ 1.8, 1.8, 2 ]
    }
}
}