{
    "ambient.cave.cave": {
        "category": "ambient",
        "replace": true,
        "sounds": []
    },
    "ambient.weather.rain": {
        "category": "weather",
        "replace": true,
        "sounds": []
    },
    "axeHit": {
        "category": "weather",
        "sounds": [
            "axeHit1",
            "axeHit2"
        ]
    },
    "bowActivate": {
        "category": "neutral",
        "sounds": [
            "bowActivate"
        ]
    },
    "bowDraw": {
        "category": "weather",
        "sounds": [
            "bowDraw"
        ]
    },
    "wpnCrossbow": {
        "category": "weather",
        "sounds": [
            "wpnCrossbow1",
            "wpnCrossbow2",
            "wpnCrossbow3",
            "wpnCrossbow4"
        ]
    },
    "wpnAxe": {
        "category": "weather",
        "sounds": [
            "wpnAxe1",
            "wpnAxe2",
            "wpnAxe3",
            "wpnAxe4"
        ]
    },
    "bruceBlazeWarning": {
        "category": "ambient",
        "sounds": [
            {
                "name": "bruceBlazeWarning",
                "stream": true
            }
        ]
    },
    "bruceCasual1": {
        "category": "record",
        "sounds": [
            {
                "name": "bruceCasual1",
                "stream": true
            }
        ]
    },
    "bruceCombatGeneral1": {
        "category": "record",
        "sounds": [
            {
                "name": "bruceCombatGeneral1",
                "stream": true
            }
        ]
    },
    "bruceCombatGeneral2": {
        "category": "record",
        "sounds": [
            {
                "name": "bruceCombatGeneral2",
                "stream": true
            }
        ]
    },
    "bruceCombatGeneral3": {
        "category": "record",
        "sounds": [
            {
                "name": "bruceCombatGeneral3",
                "stream": true
            }
        ]
    },
    "bruceCombatGeneral4": {
        "category": "record",
        "sounds": [
            {
                "name": "bruceCombatGeneral4",
                "stream": true
            }
        ]
    },
    "bruceCombatGeneral5": {
        "category": "record",
        "sounds": [
            {
                "name": "bruceCombatGeneral5",
                "stream": true
            }
        ]
    },
    "bruceCombatGeneral6": {
        "category": "record",
        "sounds": [
            {
                "name": "bruceCombatGeneral6",
                "stream": true
            }
        ]
    },
    "bruceCombatGeneral7": {
        "category": "record",
        "sounds": [
            {
                "name": "bruceCombatGeneral7",
                "stream": true
            }
        ]
    },
    "bruceCombatIndoors1": {
        "category": "record",
        "sounds": [
            {
                "name": "bruceCombatIndoors1",
                "stream": true
            }
        ]
    },
    "bruceCombatIndoors2": {
        "category": "record",
        "sounds": [
            {
                "name": "bruceCombatIndoors2",
                "stream": true
            }
        ]
    },
    "bruceCombatIndoors3": {
        "category": "record",
        "sounds": [
            {
                "name": "bruceCombatIndoors3",
                "stream": true
            }
        ]
    },
    "bruceCombatIndoors4": {
        "category": "record",
        "sounds": [
            {
                "name": "bruceCombatIndoors4",
                "stream": true
            }
        ]
    },
    "bruceCombatOutdoors1": {
        "category": "record",
        "sounds": [
            {
                "name": "bruceCombatOutdoors1",
                "stream": true
            }
        ]
    },
    "bruceCombatOutdoors2": {
        "category": "record",
        "sounds": [
            {
                "name": "bruceCombatOutdoors2",
                "stream": true
            }
        ]
    },
    "bruceCombatOutdoors3": {
        "category": "record",
        "sounds": [
            {
                "name": "bruceCombatOutdoors3",
                "stream": true
            }
        ]
    },
    "bruceCombatOutdoors4": {
        "category": "record",
        "sounds": [
            {
                "name": "bruceCombatOutdoors4",
                "stream": true
            }
        ]
    },
    "bruceCombatOutdoors5": {
        "category": "record",
        "sounds": [
            {
                "name": "bruceCombatOutdoors5",
                "stream": true
            }
        ]
    },
    "bruceCreeperExplosionNearby1": {
        "category": "record",
        "sounds": [
            {
                "name": "bruceCreeperExplosionNearby1",
                "stream": true
            }
        ]
    },
    "bruceCreeperExplosionNearby2": {
        "category": "record",
        "sounds": [
            {
                "name": "bruceCreeperExplosionNearby2",
                "stream": true
            }
        ]
    },
    "bruceCreeperExplosionNearby3": {
        "category": "record",
        "sounds": [
            {
                "name": "bruceCreeperExplosionNearby3",
                "stream": true
            }
        ]
    },
    "bruceDeath": {
        "category": "ambient",
        "sounds": [
            {
                "name": "bruceDeath",
                "stream": true
            }
        ]
    },
    "bruceDiggingZombieWarning": {
        "category": "ambient",
        "sounds": [
            {
                "name": "bruceDiggingZombieWarning",
                "stream": true
            }
        ]
    },
    "bruceGolemWarning": {
        "category": "ambient",
        "sounds": [
            {
                "name": "bruceGolemWarning",
                "stream": true
            }
        ]
    },
    "bruceIntro": {
        "category": "ambient",
        "sounds": [
            {
                "name": "bruceIntro",
                "stream": true
            }
        ]
    },
    "bruceLowOnArmor1": {
        "category": "ambient",
        "sounds": [
            {
                "name": "bruceLowOnArmor1",
                "stream": true
            }
        ]
    },
    "bruceLowOnArmor2": {
        "category": "ambient",
        "sounds": [
            {
                "name": "bruceLowOnArmor2",
                "stream": true
            }
        ]
    },
    "bruceLowOnArmor3": {
        "category": "ambient",
        "sounds": [
            {
                "name": "bruceLowOnArmor3",
                "stream": true
            }
        ]
    },
    "bruceLowOnMana1": {
        "category": "ambient",
        "sounds": [
            {
                "name": "bruceLowOnMana1",
                "stream": true
            }
        ]
    },
    "bruceLowOnMana2": {
        "category": "ambient",
        "sounds": [
            {
                "name": "bruceLowOnMana2",
                "stream": true
            }
        ]
    },
    "bruceLowOnMana3": {
        "category": "ambient",
        "sounds": [
            {
                "name": "bruceLowOnMana3",
                "stream": true
            }
        ]
    },
    "bruceProc1": {
        "category": "record",
        "sounds": [
            {
                "name": "bruceProc1",
                "stream": true
            }
        ]
    },
    "bruceProc2": {
        "category": "record",
        "sounds": [
            {
                "name": "bruceProc2",
                "stream": true
            }
        ]
    },
    "bruceProc3": {
        "category": "record",
        "sounds": [
            {
                "name": "bruceProc3",
                "stream": true
            }
        ]
    },
    "bruceRatsWarning": {
        "category": "ambient",
        "sounds": [
            {
                "name": "bruceRatsWarning",
                "stream": true
            }
        ]
    },
    "bruceShrineDestroyed1": {
        "category": "ambient",
        "sounds": [
            {
                "name": "bruceShrineDestroyed1",
                "stream": true
            }
        ]
    },
    "bruceShrineDestroyed2": {
        "category": "ambient",
        "sounds": [
            {
                "name": "bruceShrineDestroyed2",
                "stream": true
            }
        ]
    },
    "bruceShrineDestroyed3": {
        "category": "ambient",
        "sounds": [
            {
                "name": "bruceShrineDestroyed3",
                "stream": true
            }
        ]
    },
    "bruceSpideringsWarning": {
        "category": "ambient",
        "sounds": [
            {
                "name": "bruceSpideringsWarning1",
                "stream": true
            },
            {
                "name": "bruceSpideringsWarning2",
                "stream": true
            }
        ]
    },
    "bruceVenomburnersWarning": {
        "category": "ambient",
        "sounds": [
            {
                "name": "bruceVenomburnersWarning1",
                "stream": true
            },
            {
                "name": "bruceVenomburnersWarning2",
                "stream": true
            },
            {
                "name": "bruceVenomburnersWarning3",
                "stream": true
            },
            {
                "name": "bruceVenomburnersWarning4",
                "stream": true
            },
            {
                "name": "bruceVenomburnersWarning5",
                "stream": true
            }
        ]
    },
    "bruceWolvesWarning": {
        "category": "ambient",
        "sounds": [
            {
                "name": "bruceWolvesWarning1",
                "stream": true
            },
            {
                "name": "bruceWolvesWarning2",
                "stream": true
            },
            {
                "name": "bruceWolvesWarning3",
                "stream": true
            },
            {
                "name": "bruceWolvesWarning4",
                "stream": true
            }
          ]
    },
    "buffaloHorn": {
        "category": "ambient",
        "sounds": [
            {
                "name": "buffaloHorn",
                "stream": true
            }
        ]
    },
    "daragorAttack": {
        "category": "ambient",
        "sounds": [
            "daragorAttack1",
            "daragorAttack2",
            "daragorAttack3",
            "daragorAttack4"
        ]
    },
    "daragorDeath": {
        "category": "ambient",
        "sounds": [
            "daragorDeath"
        ]
    },
    "daragorSpawn": {
        "category": "ambient",
        "sounds": [
            "daragorSpawn"
        ]
    },
    "daragorTaunt": {
        "category": "ambient",
        "sounds": [
            "daragorTaunt1",
            "daragorTaunt2",
            "daragorTaunt3",
            "daragorTaunt4",
            "daragorTaunt5",
            "daragorTaunt6"
        ]
    },
    "daragorWorldcracker": {
        "category": "ambient",
        "sounds": [
            "daragorWorldcracker1",
            "daragorWorldcracker2"
        ]
    },
    "dig.gravel": {
      "category": "weather",
      "replace": true,
      "sounds": [
        "dig/gravel1",
        "dig/gravel2",
        "dig/gravel3",
        "dig/gravel4"
      ]
    },
    "dragonTime": {
        "category": "music",
        "sounds": [
            {
                "name": "dragonTime",
                "stream": true
            }
        ]
    },
    "dvzlore1": {
      "category": "music",
      "sounds": [
        {
          "name": "dvzlore1",
          "stream": true
        }
      ]
    },
    "dvzlore2": {
      "category": "music",
      "sounds": [
        {
          "name": "dvzlore2",
          "stream": true
        }
      ]
    },
    "dvzlore3": {
      "category": "music",
      "sounds": [
        {
          "name": "dvzlore3",
          "stream": true
        }
      ]
    },
    "dvzlore4": {
      "category": "music",
      "sounds": [
        {
          "name": "dvzlore4",
          "stream": true
        }
      ]
    },
    "dvzlore5": {
      "category": "music",
      "sounds": [
        {
          "name": "dvzlore5",
          "stream": true
        }
      ]
    },
    "dvzlore6": {
      "category": "music",
      "sounds": [
        {
          "name": "dvzlore6",
          "stream": true
        }
      ]
    },
    "dvzlore7": {
      "category": "music",
      "sounds": [
        {
          "name": "dvzlore7",
          "stream": true
        }
      ]
    },
    "dvzlore8": {
      "category": "music",
      "sounds": [
        {
          "name": "dvzlore8",
          "stream": true
        }
      ]
    },
    "dvzlore9": {
      "category": "music",
      "sounds": [
        {
          "name": "dvzlore9",
          "stream": true
        }
      ]
    },
    "dvzlore10": {
      "category": "music",
      "sounds": [
        {
          "name": "dvzlore10",
          "stream": true
        }
      ]
    },
    "dvzlore11": {
      "category": "music",
      "sounds": [
        {
          "name": "dvzlore11",
          "stream": true
        }
      ]
    },
    "dvzlore12": {
      "category": "music",
      "sounds": [
        {
          "name": "dvzlore12",
          "stream": true
        }
      ]
    },
    "dvzlore13": {
      "category": "music",
      "sounds": [
        {
          "name": "dvzlore13",
          "stream": true
        }
      ]
    },
    "dvzlore14": {
      "category": "music",
      "sounds": [
        {
          "name": "dvzlore14",
          "stream": true
        }
      ]
    },
    "dvzlore15": {
      "category": "music",
      "sounds": [
        {
          "name": "dvzlore15",
          "stream": true
        }
      ]
    },
    "dvzlore16": {
      "category": "music",
      "sounds": [
        {
          "name": "dvzlore16",
          "stream": true
        }
      ]
    },
    "dvzlore17": {
      "category": "music",
      "sounds": [
        {
          "name": "dvzlore17",
          "stream": true
        }
      ]
    },
    "dvzlore18": {
      "category": "music",
      "sounds": [
        {
          "name": "dvzlore18",
          "stream": true
        }
      ]
    },
    "dvzlore19": {
      "category": "music",
      "sounds": [
        {
          "name": "dvzlore19",
          "stream": true
        }
      ]
    },
    "dvzlore20": {
      "category": "music",
      "sounds": [
        {
          "name": "dvzlore20",
          "stream": true
        }
      ]
    },
    "dvzlore21": {
      "category": "music",
      "sounds": [
        {
          "name": "dvzlore21",
          "stream": true
        }
      ]
    },
    "dvzlore22": {
      "category": "music",
      "sounds": [
        {
          "name": "dvzlore22",
          "stream": true
        }
      ]
    },
    "dvzlore23": {
      "category": "music",
      "sounds": [
        {
          "name": "dvzlore23",
          "stream": true
        }
      ]
    },
    "dvzlore24": {
      "category": "music",
      "sounds": [
        {
          "name": "dvzlore24",
          "stream": true
        }
      ]
    },
    "dvzlore25": {
      "category": "music",
      "sounds": [
        {
          "name": "dvzlore25",
          "stream": true
        }
      ]
    },
    "dvzlore26": {
      "category": "music",
      "sounds": [
        {
          "name": "dvzlore26",
          "stream": true
        }
      ]
    },
    "dvzlore27": {
      "category": "music",
      "sounds": [
        {
          "name": "dvzlore27",
          "stream": true
        }
      ]
    },
    "dvzlore28": {
      "category": "music",
      "sounds": [
        {
          "name": "dvzlore28",
          "stream": true
        }
      ]
    },
    "dvzlore29": {
      "category": "music",
      "sounds": [
        {
          "name": "dvzlore29",
          "stream": true
        }
      ]
    },
    "dvzlore30": {
      "category": "music",
      "sounds": [
        {
          "name": "dvzlore30",
          "stream": true
        }
      ]
    },
    "dvzlore31": {
      "category": "music",
      "sounds": [
        {
          "name": "dvzlore31",
          "stream": true
        }
      ]
    },
    "dvzlore32": {
      "category": "music",
      "sounds": [
        {
          "name": "dvzlore32",
          "stream": true
        }
      ]
    },
    "dvzlore33": {
      "category": "music",
      "sounds": [
        {
          "name": "dvzlore33",
          "stream": true
        }
      ]
    },
    "dvzlore34": {
      "category": "music",
      "sounds": [
        {
          "name": "dvzlore34",
          "stream": true
        }
      ]
    },
    "dvzlore35": {
      "category": "music",
      "sounds": [
        {
          "name": "dvzlore35",
          "stream": true
        }
      ]
    },
    "dvzlore36": {
      "category": "music",
      "sounds": [
        {
          "name": "dvzlore36",
          "stream": true
        }
      ]
    },
    "dvzlore37": {
      "category": "music",
      "sounds": [
        {
          "name": "dvzlore37",
          "stream": true
        }
      ]
    },
    "dvzlore38": {
      "category": "music",
      "sounds": [
        {
          "name": "dvzlore38",
          "stream": true
        }
      ]
    },
    "dvzlore39": {
      "category": "music",
      "sounds": [
        {
          "name": "dvzlore39",
          "stream": true
        }
      ]
    },
    "dvzlore40": {
      "category": "music",
      "sounds": [
        {
          "name": "dvzlore40",
          "stream": true
        }
      ]
    },
    "dvzlore41": {
      "category": "music",
      "sounds": [
        {
          "name": "dvzlore41",
          "stream": true
        }
      ]
    },
    "dvzlore42": {
      "category": "music",
      "sounds": [
        {
          "name": "dvzlore42",
          "stream": true
        }
      ]
    },
    "dvzlore43": {
      "category": "music",
      "sounds": [
        {
          "name": "dvzlore43",
          "stream": true
        }
      ]
    },
    "dvzlore44": {
      "category": "music",
      "sounds": [
        {
          "name": "dvzlore44",
          "stream": true
        }
      ]
    },
    "dvzlore45": {
      "category": "music",
      "sounds": [
        {
          "name": "dvzlore45",
          "stream": true
        }
      ]
    },
    "firebreath": {
        "category": "ambient",
        "sounds": [
            "firebreath1",
            "firebreath2",
            "firebreath3"
        ]
    },
    "introsong1": {
        "category": "music",
        "sounds": [
            {
                "name": "introsong1",
                "stream": true
            }
        ]
    },
    "fireworks.blast": {
      "category": "weather",
      "replace": true,
      "sounds": [
        "fireworks/blast1"
      ]
    },
    "fireworks.blast_far": {
      "category": "weather",
      "replace": true,
      "sounds": [
        "fireworks/blast_far1"
      ]
    },
    "fireworks.largeBlast": {
      "category": "weather",
      "replace": true,
      "sounds": [
        "fireworks/largeBlast1"
      ]
    },
    "fireworks.largeBlast_far": {
      "category": "weather",
      "replace": true,
      "sounds": [
        "fireworks/largeBlast_far1"
      ]
    },
    "fireworks.twinkle": {
      "category": "weather",
      "replace": true,
      "sounds": [
        "fireworks/twinkle1"
      ]
    },
    "fireworks.twinkle_far": {
      "category": "weather",
      "replace": true,
      "sounds": [
        "fireworks/twinkle_far1"
      ]
    },
    "introsong2": {
        "category": "music",
        "sounds": [
            {
                "name": "introsong2",
                "stream": true
            }
        ]
    },
    "lightbringer": {
        "category": "neutral",
        "sounds": [
            "lightbringer"
        ]
    },
    "lobbymusic": {
      "category": "music",
      "sounds": [
        {
          "name": "lobbymusic",
          "stream": true
        }
      ]
    },
    "nisovinBoltAction": {
        "category": "record",
        "sounds": [
            {
                "name": "nisovinBoltAction1",
                "stream": true
            },
            {
                "name": "nisovinBoltAction2",
                "stream": true
            },
            {
                "name": "nisovinBoltAction3",
                "stream": true
            },
            {
                "name": "nisovinBoltAction4",
                "stream": true
            },
            {
                "name": "nisovinBoltAction5",
                "stream": true
            },
            {
                "name": "nisovinBoltAction6",
                "stream": true
            },
            {
                "name": "nisovinBoltAction7",
                "stream": true
            },
            {
                "name": "nisovinBoltAction8",
                "stream": true
            },
            {
                "name": "nisovinBoltAction9",
                "stream": true
            },
            {
                "name": "nisovinBoltAction10",
                "stream": true
            }
        ]
    },
    "nisovinBoltFire": {
        "category": "neutral",
        "sounds": [
            {
                "name": "nisovinBoltFire1",
                "stream": true
            },
            {
                "name": "nisovinBoltFire2",
                "stream": true
            },
            {
                "name": "nisovinBoltFire3",
                "stream": true
            }
        ]
    },
    "nisovinDeath": {
        "category": "ambient",
        "sounds": [
            {
                "name": "nisovinDeath",
                "stream": true
            }
        ]
    },
    "nisovinLaugh": {
        "category": "record",
        "sounds": [
            {
                "name": "nisovinLaugh1",
                "stream": true
            },
            {
                "name": "nisovinLaugh2",
                "stream": true
            },
            {
                "name": "nisovinLaugh3",
                "stream": true
            },
            {
                "name": "nisovinLaugh4",
                "stream": true
            }
     
        ]
    },
    "nisovinLowOnMana1": {
        "category": "ambient",
        "sounds": [
            {
                "name": "nisovinLowOnMana1",
                "stream": true
            }
        ]
    },
    "nisovinLowOnMana2": {
        "category": "ambient",
        "sounds": [
            {
                "name": "nisovinLowOnMana2",
                "stream": true
            }
        ]
    },
    "nisovinLowOnMana3": {
        "category": "ambient",
        "sounds": [
            {
                "name": "nisovinLowOnMana3",
                "stream": true
            }
        ]
    },
    "nisovinRocketBoots": {
        "category": "record",
        "sounds": [
            {
                "name": "nisovinRocketBoots1",
                "stream": true
            },
            {
                "name": "nisovinRocketBoots2",
                "stream": true
            },
            {
                "name": "nisovinRocketBoots3",
                "stream": true
            }
        ]
    },
    "nisovinWigglyShield": {
        "category": "ambient",
        "sounds": [
            {
                "name": "nisovinWigglyShield1",
                "stream": true
            },
            {
                "name": "nisovinWigglyShield2",
                "stream": true
            },
            {
                "name": "nisovinWigglyShield3",
                "stream": true
            },
            {
                "name": "nisovinWigglyShield4",
                "stream": true
            },
            {
                "name": "nisovinWigglyShield5",
                "stream": true
            },
            {
                "name": "nisovinWigglyShield6",
                "stream": true
            }
        ]
    },
    "nisovinWigglyWrenchExplosion": {
        "category": "record",
        "sounds": [
            {
                "name": "nisovinWigglyWrenchExplosion",
                "stream": true
            }
        ]
    },
    "nisovinWigglyWrenchKnockback": {
        "category": "record",
        "sounds": [
            {
                "name": "nisovinWigglyWrenchKnockback",
                "stream": true
            }
        ]
    },
    "nisovinWigglyWrenchSlow": {
        "category": "record",
        "sounds": [
            {
                "name": "nisovinWigglyWrenchSlow",
                "stream": true
            }
        ]
    },
    "nisovinWigglyWrenchTinderFlame": {
        "category": "record",
        "sounds": [
            {
                "name": "nisovinWigglyWrenchTinderFlame",
                "stream": true
            }
        ]
    },
    "nisovinWigglyWrenchWormhole": {
        "category": "record",
        "sounds": [
            {
                "name": "nisovinWigglyWrenchWormhole",
                "stream": true
            }
        ]
    },
    "mob.enderdragon.end": {
      "category": "ambient",
      "replace": true,
      "sounds": [
        "mob/enderdragon/end"
      ]
    },
    "mob.endermen.stare": {
      "category": "ambient",
      "replace": true,
      "sounds": [
        "mob/endermen/stare"
      ]
    },
    "mob.irongolem.death": {
      "category": "hostile",
      "replace": true,
      "sounds": [
        "mob/irongolem/death"
      ]
    },
    "mob.irongolem.hit": {
      "category": "hostile",
      "replace": true,
      "sounds": [
        "mob/irongolem/hit1",
        "mob/irongolem/hit2",
        "mob/irongolem/hit3",
        "mob/irongolem/hit4"
      ]
    },
    "mob.irongolem.throw": {
      "category": "hostile",
      "replace": true,
      "sounds": [
        "mob/irongolem/throw"
      ]
    },
    "mob.magmacube.big": {
      "category": "weather",
      "replace": true,
      "sounds": [
        "mob/magmacube/big1",
        "mob/magmacube/big2",
        "mob/magmacube/big3",
        "mob/magmacube/big4"
      ]
    },
    "mob.slime.big": {
      "category": "weather",
      "replace": true,
      "sounds": [
        "mob/slime/big1",
        "mob/slime/big2",
        "mob/slime/big3",
        "mob/slime/big4"
      ]
    },
    "mob.irongolem.walk": {
      "category": "hostile",
      "replace": true,
      "sounds": [
        "mob/irongolem/walk1",
        "mob/irongolem/walk2",
        "mob/irongolem/walk3",
        "mob/irongolem/walk4"
      ]
    },
    "mob.wither.hurt": {
      "category": "neutral",
      "replace": true,
      "sounds": [
        "mob/wither/hurt1",
        "mob/wither/hurt2",
        "mob/wither/hurt3",
        "mob/wither/hurt4"
      ]
    },
    "mob.wolf.bark": {
      "category": "hostile",
      "replace": true,
      "sounds": [
        "mob/wolf/bark1",
        "mob/wolf/bark2",
        "mob/wolf/bark3"
      ]
    },
    "mob.wolf.death": {
      "category": "hostile",
      "replace": true,
      "sounds": [
        "mob/wolf/death"
      ]
    },
    "mob.wolf.growl": {
      "category": "hostile",
      "replace": true,
      "sounds": [
        "mob/wolf/growl1",
        "mob/wolf/growl2",
        "mob/wolf/growl3"
      ]
    },
    "mob.wolf.howl": {
      "category": "hostile",
      "replace": true,
      "sounds": [
        "mob/wolf/howl1",
        "mob/wolf/howl2"
      ]
    },
    "mob.wolf.hurt": {
      "category": "hostile",
      "replace": true,
      "sounds": [
        "mob/wolf/hurt1",
        "mob/wolf/hurt2",
        "mob/wolf/hurt3"
      ]
    },
    "mob.wolf.panting": {
      "category": "hostile",
      "replace": true,
      "sounds": [
        "mob/wolf/panting"
      ]
    },
    "mob.wolf.shake": {
      "category": "hostile",
      "replace": true,
      "sounds": [
        "mob/wolf/shake"
      ]
    },
    "mob.wolf.step": {
      "category": "hostile",
      "replace": true,
      "sounds": [
        "mob/wolf/step1",
        "mob/wolf/step2",
        "mob/wolf/step3",
        "mob/wolf/step4",
        "mob/wolf/step5"
      ]
    },
    "mob.wolf.whine": {
      "category": "hostile",
      "replace": true,
      "sounds": [
        "mob/wolf/whine"
      ]
    },
    "mob.zombie.remedy": {
      "category": "weather",
      "replace": true,
      "sounds": [
        "mob/zombie/wood1",
        "mob/zombie/wood2",
        "mob/zombie/wood3",
        "mob/zombie/wood4"
      ]
    },
    "music.game": {
        "category": "music",
        "replace": true,
        "sounds": []
    },
    "music.game.creative": {
        "category": "music",
        "replace": true,
        "sounds": []
    },
    "music.game.end": {
        "category": "music",
        "replace": true,
        "sounds": []
    },
    "music.game.end.credits": {
        "category": "music",
        "replace": true,
        "sounds": []
    },
    "music.game.end.dragon": {
        "category": "music",
        "replace": true,
        "sounds": []
    },
    "music.game.nether": {
        "category": "music",
        "replace": true,
        "sounds": []
    },
    "random.anvil_break": {
      "category": "weather",
      "replace": true,
      "sounds": [
        "random/anvil_break"
      ]
    },
    "random.anvil_land": {
      "category": "weather",
      "replace": true,
      "sounds": [
        "random/anvil_land"
      ]
    },
    "random.anvil_use": {
      "category": "weather",
      "replace": true,
      "sounds": [
        "random/anvil_use"
      ]
    },
    "random.bow": {
      "category": "neutral",
      "replace": true,
      "sounds": [
        "random/bow"
      ]
    },
    "random.bowhit": {
      "category": "neutral",
      "replace": true,
      "sounds": [
        "random/bowhit1",
        "random/bowhit2",
        "random/bowhit3",
        "random/bowhit4"
      ]
    },
    "roaminDeath": {
        "category": "ambient",
        "sounds": [
            {
                "name": "roaminDeath",
                "stream": true
            }
        ]
    },
    "random.drink": {
      "category": "neutral",
      "replace": true,
      "sounds": [
        "random/drink"
      ]
    },
    "random.levelup": {
      "category": "neutral",
      "replace": true,
      "sounds": [
        "random/levelup"
      ]
    },
    "roaminFlamethrower": {
        "category": "neutral",
        "sounds": [
            {
                "name": "roaminFlamethrower"
            }
        ]
    },
    "roaminHeal": {
        "category": "ambient",
        "sounds": [
            {
                "name": "roaminHeal",
                "stream": true
            }
        ]
    },
    "roaminHolyPurifier1": {
        "category": "record",
        "sounds": [
            {
                "name": "roaminHolyPurifier1",
                "stream": true
            }
        ]
    },
    "roaminHolyPurifier2": {
        "category": "record",
        "sounds": [
            {
                "name": "roaminHolyPurifier2",
                "stream": true
            }
        ]
    },
    "roaminHolyPurifier3": {
        "category": "record",
        "sounds": [
            {
                "name": "roaminHolyPurifier3",
                "stream": true
            }
        ]
    },
    "roaminHolyPurifier4": {
        "category": "record",
        "sounds": [
            {
                "name": "roaminHolyPurifier4",
                "stream": true
            }
        ]
    },
    "roaminHolyPurifier5": {
        "category": "record",
        "sounds": [
            {
                "name": "roaminHolyPurifier5",
                "stream": true
            }
        ]
    },
    "roaminLowOnArmor1": {
        "category": "ambient",
        "sounds": [
            {
                "name": "roaminLowOnArmor1",
                "stream": true
            }
        ]
    },
    "roaminLowOnArmor2": {
        "category": "ambient",
        "sounds": [
            {
                "name": "roaminLowOnArmor2",
                "stream": true
            }
        ]
    },
    "roaminLowOnArmor3": {
        "category": "ambient",
        "sounds": [
            {
                "name": "roaminLowOnArmor3",
                "stream": true
            }
        ]
    },
    "roaminLowOnMana1": {
        "category": "ambient",
        "sounds": [
            {
                "name": "roaminLowOnMana1",
                "stream": true
            }
        ]
    },
    "roaminLowOnMana2": {
        "category": "ambient",
        "sounds": [
            {
                "name": "roaminLowOnMana2",
                "stream": true
            }
        ]
    },
    "roaminLowOnMana3": {
        "category": "ambient",
        "sounds": [
            {
                "name": "roaminLowOnMana3",
                "stream": true
            }
        ]
    },
    "roaminOutOfAmmo1": {
        "category": "ambient",
        "sounds": [
            {
                "name": "roaminOutOfAmmo1",
                "stream": true
            }
        ]
    },
    "roaminOutOfAmmo2": {
        "category": "ambient",
        "sounds": [
            {
                "name": "roaminOutOfAmmo2",
                "stream": true
            }
        ]
    },
    "roaminOutOfAmmo3": {
        "category": "ambient",
        "sounds": [
            {
                "name": "roaminOutOfAmmo3",
                "stream": true
            }
        ]
    },
    "roaminRecharged1": {
        "category": "ambient",
        "sounds": [
            {
                "name": "roaminRecharged1",
                "stream": true
            }
        ]
    },
    "roaminRecharged2": {
        "category": "ambient",
        "sounds": [
            {
                "name": "roaminRecharged2",
                "stream": true
            }
        ]
    },
    "roaminRecharged3": {
        "category": "ambient",
        "sounds": [
            {
                "name": "roaminRecharged3",
                "stream": true
            }
        ]
    },
    "roaminRecharged4": {
        "category": "ambient",
        "sounds": [
            {
                "name": "roaminRecharged4",
                "stream": true
            }
        ]
    },
    "shieldActivate": {
        "category": "neutral",
        "sounds": [
            "shieldActivate"
        ]
    },
    "swordActivate": {
        "category": "neutral",
        "sounds": [
            "swordActivate"
        ]
    },
    "swordDeactivate": {
        "category": "neutral",
        "sounds": [
            "swordDeactivate"
        ]
    },
    "goblinAction": {
        "category": "ambient",
        "sounds": [
            {
                "name": "goblinAction1",
                "stream": true
            },
            {
                "name": "goblinAction2",
                "stream": true
            },
            {
                "name": "goblinAction3",
                "stream": true
            },
            {
                "name": "goblinAction4",
                "stream": true
            },
            {
                "name": "goblinAction5",
                "stream": true
            },
            {
                "name": "goblinAction6",
                "stream": true
            },
            {
                "name": "goblinAction7",
                "stream": true
            }
        ]
    },
    "goblinHurt": {
        "category": "ambient",
        "sounds": [
            {
                "name": "goblinHurt1",
                "stream": true
            },
            {
                "name": "goblinHurt2",
                "stream": true
            },
            {
                "name": "goblinHurt3",
                "stream": true
            },
            {
                "name": "goblinHurt4",
                "stream": true
            },
            {
                "name": "goblinHurt5",
                "stream": true
            },
            {
                "name": "goblinHurt6",
                "stream": true
            },
            {
                "name": "goblinHurt7",
                "stream": true
            }
        ]
    },
    "goblinDie": {
        "category": "ambient",
        "sounds": [
            {
                "name": "goblinDie1",
                "stream": true
            },
            {
                "name": "goblinDie2",
                "stream": true
            },
            {
                "name": "goblinDie3",
                "stream": true
            }
        ]
    },
    "goblinSpawn": {
        "category": "ambient",
        "sounds": [
            {
                "name": "goblinSpawn1",
                "stream": true
            },
            {
                "name": "goblinSpawn2",
                "stream": true
            },
            {
                "name": "goblinSpawn3",
                "stream": true
            }
        ]
    },
    "goblinKaboomReady": {
        "category": "ambient",
        "sounds": [
            {
                "name": "goblinKaboomReady",
                "stream": true
            }
        ]
    },
    "goblinKaboomFire": {
        "category": "ambient",
        "sounds": [
            {
                "name": "goblinKaboomFire",
                "stream": true
            }
        ]
    },
    "ogreDie": {
        "category": "ambient",
        "sounds": [
            {
                "name": "ogreDie",
                "stream": true
            }
        ]
    },
    "ogreAttack": {
        "category": "ambient",
        "sounds": [
            {
                "name": "ogreAttack1",
                "stream": true
            },
            {
                "name": "ogreAttack2",
                "stream": true
            },
            {
                "name": "ogreAttack3",
                "stream": true
            },
            {
                "name": "ogreAttack4",
                "stream": true
            }
        ]
    },
    "ogreHurt": {
        "category": "ambient",
        "sounds": [
            {
                "name": "ogreHurt1",
                "stream": true
            },
            {
                "name": "ogreHurt2",
                "stream": true
            },
            {
                "name": "ogreHurt3",
                "stream": true
            }
        ]
    },
    "ogreSpawn": {
        "category": "ambient",
        "sounds": [
            {
                "name": "ogreSpawn1",
                "stream": true
            },
            {
                "name": "ogreSpawn2",
                "stream": true
            },
            {
                "name": "ogreSpawn3",
                "stream": true
            }
        ]
    },
    "monsterHeroEvent": {
        "category": "ambient",
        "sounds": [
            {
                "name": "monsterHeroEvent",
                "stream": true
            }
        ]
    },
    "torchActivate": {
        "category": "neutral",
        "sounds": [
            "torchActivate"
        ]
    }
}